{
  "results": {
    "tool": {
      "name": "playwright"
    },
    "summary": {
      "tests": 6,
      "passed": 0,
      "failed": 6,
      "pending": 0,
      "skipped": 0,
      "other": 0,
      "start": 1729518318513,
      "stop": 1729518326442,
      "suites": 0
    },
    "tests": [
      {
        "name": "has title",
        "status": "failed",
        "duration": 6,
        "start": 1729518319,
        "stop": 1729518319,
        "message": "Error: browserType.launch: Executable doesn't exist at /home/runner/.cache/ms-playwright/chromium-1140/chrome-linux/chrome\n╔═════════════════════════════════════════════════════════════════════════╗\n║ Looks like Playwright Test or Playwright was just installed or updated. ║\n║ Please run the following command to download new browsers:              ║\n║                                                                         ║\n║     npx playwright install                                              ║\n║                                                                         ║\n║ <3 Playwright Team                                                      ║\n╚═════════════════════════════════════════════════════════════════════════╝",
        "trace": "Error: browserType.launch: Executable doesn't exist at /home/runner/.cache/ms-playwright/chromium-1140/chrome-linux/chrome\n╔═════════════════════════════════════════════════════════════════════════╗\n║ Looks like Playwright Test or Playwright was just installed or updated. ║\n║ Please run the following command to download new browsers:              ║\n║                                                                         ║\n║     npx playwright install                                              ║\n║                                                                         ║\n║ <3 Playwright Team                                                      ║\n╚═════════════════════════════════════════════════════════════════════════╝",
        "rawStatus": "failed",
        "tags": [],
        "type": "e2e",
        "filePath": "/home/runner/work/M-M.Home/M-M.Home/tests/example.spec.js",
        "retries": 2,
        "flaky": false,
        "steps": [],
        "suite": "chromium > example.spec.js",
        "extra": {
          "annotations": []
        }
      },
      {
        "name": "get started link",
        "status": "failed",
        "duration": 6,
        "start": 1729518321,
        "stop": 1729518321,
        "message": "Error: browserType.launch: Executable doesn't exist at /home/runner/.cache/ms-playwright/chromium-1140/chrome-linux/chrome\n╔═════════════════════════════════════════════════════════════════════════╗\n║ Looks like Playwright Test or Playwright was just installed or updated. ║\n║ Please run the following command to download new browsers:              ║\n║                                                                         ║\n║     npx playwright install                                              ║\n║                                                                         ║\n║ <3 Playwright Team                                                      ║\n╚═════════════════════════════════════════════════════════════════════════╝",
        "trace": "Error: browserType.launch: Executable doesn't exist at /home/runner/.cache/ms-playwright/chromium-1140/chrome-linux/chrome\n╔═════════════════════════════════════════════════════════════════════════╗\n║ Looks like Playwright Test or Playwright was just installed or updated. ║\n║ Please run the following command to download new browsers:              ║\n║                                                                         ║\n║     npx playwright install                                              ║\n║                                                                         ║\n║ <3 Playwright Team                                                      ║\n╚═════════════════════════════════════════════════════════════════════════╝",
        "rawStatus": "failed",
        "tags": [],
        "type": "e2e",
        "filePath": "/home/runner/work/M-M.Home/M-M.Home/tests/example.spec.js",
        "retries": 2,
        "flaky": false,
        "steps": [],
        "suite": "chromium > example.spec.js",
        "extra": {
          "annotations": []
        }
      },
      {
        "name": "has title",
        "status": "failed",
        "duration": 7,
        "start": 1729518322,
        "stop": 1729518322,
        "message": "Error: browserType.launch: Executable doesn't exist at /home/runner/.cache/ms-playwright/firefox-1465/firefox/firefox\n╔═════════════════════════════════════════════════════════════════════════╗\n║ Looks like Playwright Test or Playwright was just installed or updated. ║\n║ Please run the following command to download new browsers:              ║\n║                                                                         ║\n║     npx playwright install                                              ║\n║                                                                         ║\n║ <3 Playwright Team                                                      ║\n╚═════════════════════════════════════════════════════════════════════════╝",
        "trace": "Error: browserType.launch: Executable doesn't exist at /home/runner/.cache/ms-playwright/firefox-1465/firefox/firefox\n╔═════════════════════════════════════════════════════════════════════════╗\n║ Looks like Playwright Test or Playwright was just installed or updated. ║\n║ Please run the following command to download new browsers:              ║\n║                                                                         ║\n║     npx playwright install                                              ║\n║                                                                         ║\n║ <3 Playwright Team                                                      ║\n╚═════════════════════════════════════════════════════════════════════════╝",
        "rawStatus": "failed",
        "tags": [],
        "type": "e2e",
        "filePath": "/home/runner/work/M-M.Home/M-M.Home/tests/example.spec.js",
        "retries": 2,
        "flaky": false,
        "steps": [],
        "suite": "firefox > example.spec.js",
        "extra": {
          "annotations": []
        }
      },
      {
        "name": "get started link",
        "status": "failed",
        "duration": 6,
        "start": 1729518323,
        "stop": 1729518323,
        "message": "Error: browserType.launch: Executable doesn't exist at /home/runner/.cache/ms-playwright/firefox-1465/firefox/firefox\n╔═════════════════════════════════════════════════════════════════════════╗\n║ Looks like Playwright Test or Playwright was just installed or updated. ║\n║ Please run the following command to download new browsers:              ║\n║                                                                         ║\n║     npx playwright install                                              ║\n║                                                                         ║\n║ <3 Playwright Team                                                      ║\n╚═════════════════════════════════════════════════════════════════════════╝",
        "trace": "Error: browserType.launch: Executable doesn't exist at /home/runner/.cache/ms-playwright/firefox-1465/firefox/firefox\n╔═════════════════════════════════════════════════════════════════════════╗\n║ Looks like Playwright Test or Playwright was just installed or updated. ║\n║ Please run the following command to download new browsers:              ║\n║                                                                         ║\n║     npx playwright install                                              ║\n║                                                                         ║\n║ <3 Playwright Team                                                      ║\n╚═════════════════════════════════════════════════════════════════════════╝",
        "rawStatus": "failed",
        "tags": [],
        "type": "e2e",
        "filePath": "/home/runner/work/M-M.Home/M-M.Home/tests/example.spec.js",
        "retries": 2,
        "flaky": false,
        "steps": [],
        "suite": "firefox > example.spec.js",
        "extra": {
          "annotations": []
        }
      },
      {
        "name": "has title",
        "status": "failed",
        "duration": 6,
        "start": 1729518325,
        "stop": 1729518325,
        "message": "Error: browserType.launch: Executable doesn't exist at /home/runner/.cache/ms-playwright/webkit-2083/pw_run.sh\n╔═════════════════════════════════════════════════════════════════════════╗\n║ Looks like Playwright Test or Playwright was just installed or updated. ║\n║ Please run the following command to download new browsers:              ║\n║                                                                         ║\n║     npx playwright install                                              ║\n║                                                                         ║\n║ <3 Playwright Team                                                      ║\n╚═════════════════════════════════════════════════════════════════════════╝",
        "trace": "Error: browserType.launch: Executable doesn't exist at /home/runner/.cache/ms-playwright/webkit-2083/pw_run.sh\n╔═════════════════════════════════════════════════════════════════════════╗\n║ Looks like Playwright Test or Playwright was just installed or updated. ║\n║ Please run the following command to download new browsers:              ║\n║                                                                         ║\n║     npx playwright install                                              ║\n║                                                                         ║\n║ <3 Playwright Team                                                      ║\n╚═════════════════════════════════════════════════════════════════════════╝",
        "rawStatus": "failed",
        "tags": [],
        "type": "e2e",
        "filePath": "/home/runner/work/M-M.Home/M-M.Home/tests/example.spec.js",
        "retries": 2,
        "flaky": false,
        "steps": [],
        "suite": "webkit > example.spec.js",
        "extra": {
          "annotations": []
        }
      },
      {
        "name": "get started link",
        "status": "failed",
        "duration": 6,
        "start": 1729518326,
        "stop": 1729518326,
        "message": "Error: browserType.launch: Executable doesn't exist at /home/runner/.cache/ms-playwright/webkit-2083/pw_run.sh\n╔═════════════════════════════════════════════════════════════════════════╗\n║ Looks like Playwright Test or Playwright was just installed or updated. ║\n║ Please run the following command to download new browsers:              ║\n║                                                                         ║\n║     npx playwright install                                              ║\n║                                                                         ║\n║ <3 Playwright Team                                                      ║\n╚═════════════════════════════════════════════════════════════════════════╝",
        "trace": "Error: browserType.launch: Executable doesn't exist at /home/runner/.cache/ms-playwright/webkit-2083/pw_run.sh\n╔═════════════════════════════════════════════════════════════════════════╗\n║ Looks like Playwright Test or Playwright was just installed or updated. ║\n║ Please run the following command to download new browsers:              ║\n║                                                                         ║\n║     npx playwright install                                              ║\n║                                                                         ║\n║ <3 Playwright Team                                                      ║\n╚═════════════════════════════════════════════════════════════════════════╝",
        "rawStatus": "failed",
        "tags": [],
        "type": "e2e",
        "filePath": "/home/runner/work/M-M.Home/M-M.Home/tests/example.spec.js",
        "retries": 2,
        "flaky": false,
        "steps": [],
        "suite": "webkit > example.spec.js",
        "extra": {
          "annotations": []
        }
      }
    ]
  }
}
